<?xml version="1.0"?>
<!--<!DOCTYPE metadata SYSTEM "http://www.esri.com/metadata/esriprof80.dtd">-->
<metadata xml:lang="en"><Esri><CreaDate>20160623</CreaDate><CreaTime>08591000</CreaTime><SyncOnce>FALSE</SyncOnce><SyncDate>20100820</SyncDate><SyncTime>14464200</SyncTime><ModDate>20100820</ModDate><ModTime>14464200</ModTime><DataProperties><lineage><Process ToolSource="C:\Program Files\ArcGIS\ArcToolbox\Toolboxes\Data Management Tools.tbx\CopyFeatures" Date="20090902" Time="112231">CopyFeatures C:\MAVGDOGCTLVSPOS\FireRDs.shp W:\Projects\CountyDepts\ACES\ESZ\EMS.gdb\FireRDs # 0 0 0</Process><Process ToolSource="C:\Program Files\ArcGIS\ArcToolbox\Toolboxes\Data Management Tools.tbx\CopyFeatures" Date="20090909" Time="101657">CopyFeatures W:\Projects\CountyDepts\ACES\ESZ\ESZ.gdb\FireRDs W:\Projects\CountyDepts\ACES\ESZ\To_Tiburon_9Sept2009\FireRDs.shp # 0 0 0</Process><Process ToolSource="C:\Program Files\ArcGIS\ArcToolbox\Toolboxes\Conversion Tools.tbx\FeatureClassToFeatureClass" Date="20100806" Time="093911">FeatureClassToFeatureClass "F:\My Files\ARC Transfers\FireRDs.shp" W:\Projects\CountyDepts\ACES\ESZ\ESZ.gdb FireRDs # "OBJECTID 'OBJECTID' true true false 9 Long 0 9 ,First,#,F:\My Files\ARC Transfers\FireRDs.shp,OBJECTID,-1,-1;RD 'RD' true true false 10 Text 0 0 ,First,#,F:\My Files\ARC Transfers\FireRDs.shp,RD,-1,-1;Agency 'Agency' true true false 10 Text 0 0 ,First,#,F:\My Files\ARC Transfers\FireRDs.shp,Agency,-1,-1;Group 'Group' true true false 10 Text 0 0 ,First,#,F:\My Files\ARC Transfers\FireRDs.shp,Group,-1,-1;Service 'Service' true true false 1 Text 0 0 ,First,#,F:\My Files\ARC Transfers\FireRDs.shp,Service,-1,-1;Modifier 'Modifier' true true false 10 Text 0 0 ,First,#,F:\My Files\ARC Transfers\FireRDs.shp,Modifier,-1,-1;Adjacent 'Adjacent' true true false 100 Text 0 0 ,First,#,F:\My Files\ARC Transfers\FireRDs.shp,Adjacent,-1,-1;Communitie 'Communitie' true true false 50 Text 0 0 ,First,#,F:\My Files\ARC Transfers\FireRDs.shp,Communitie,-1,-1;Shape_Leng 'Shape_Leng' true true false 19 Double 0 0 ,First,#,F:\My Files\ARC Transfers\FireRDs.shp,Shape_Leng,-1,-1;Shape_Le_1 'Shape_Le_1' true true false 19 Double 0 0 ,First,#,F:\My Files\ARC Transfers\FireRDs.shp,Shape_Le_1,-1,-1;Shape_Area 'Shape_Area' true true false 19 Double 0 0 ,First,#,F:\My Files\ARC Transfers\FireRDs.shp,Shape_Area,-1,-1" # W:\Projects\CountyDepts\ACES\ESZ\ESZ.gdb\FireRDs</Process><Process ToolSource="C:\Program Files\ArcGIS\ArcToolbox\Toolboxes\Conversion Tools.tbx\FeatureClassToFeatureClass" Date="20100806" Time="140214">FeatureClassToFeatureClass "F:\My Files\ARC Transfers\FireRDs.shp" W:\Projects\CountyDepts\ACES\ESZ\ESZ.gdb FireRDs # "OBJECTID_1 'OBJECTID_1' true true false 9 Long 0 9 ,First,#,F:\My Files\ARC Transfers\FireRDs.shp,OBJECTID_1,-1,-1;OBJECTID 'OBJECTID' true true false 9 Long 0 9 ,First,#,F:\My Files\ARC Transfers\FireRDs.shp,OBJECTID,-1,-1;RD 'RD' true true false 10 Text 0 0 ,First,#,F:\My Files\ARC Transfers\FireRDs.shp,RD,-1,-1;Agency 'Agency' true true false 10 Text 0 0 ,First,#,F:\My Files\ARC Transfers\FireRDs.shp,Agency,-1,-1;Group 'Group' true true false 10 Text 0 0 ,First,#,F:\My Files\ARC Transfers\FireRDs.shp,Group,-1,-1;Service 'Service' true true false 1 Text 0 0 ,First,#,F:\My Files\ARC Transfers\FireRDs.shp,Service,-1,-1;Modifier 'Modifier' true true false 10 Text 0 0 ,First,#,F:\My Files\ARC Transfers\FireRDs.shp,Modifier,-1,-1;Adjacent 'Adjacent' true true false 100 Text 0 0 ,First,#,F:\My Files\ARC Transfers\FireRDs.shp,Adjacent,-1,-1;Communitie 'Communitie' true true false 50 Text 0 0 ,First,#,F:\My Files\ARC Transfers\FireRDs.shp,Communitie,-1,-1;Shape_Leng 'Shape_Leng' true true false 19 Double 0 0 ,First,#,F:\My Files\ARC Transfers\FireRDs.shp,Shape_Leng,-1,-1;Shape_Le_1 'Shape_Le_1' true true false 19 Double 0 0 ,First,#,F:\My Files\ARC Transfers\FireRDs.shp,Shape_Le_1,-1,-1;Shape_Le_2 'Shape_Le_2' true true false 19 Double 0 0 ,First,#,F:\My Files\ARC Transfers\FireRDs.shp,Shape_Le_2,-1,-1;Shape_Area 'Shape_Area' true true false 19 Double 0 0 ,First,#,F:\My Files\ARC Transfers\FireRDs.shp,Shape_Area,-1,-1" # W:\Projects\CountyDepts\ACES\ESZ\ESZ.gdb\FireRDs</Process><Process ToolSource="c:\program files (x86)\arcgis\desktop10.1\ArcToolbox\Toolboxes\Data Management Tools.tbx\CalculateField" Date="20140723" Time="062531">CalculateField FireRDs Adjacent "" VB #</Process><Process ToolSource="c:\program files (x86)\arcgis\desktop10.1\ArcToolbox\Toolboxes\Data Management Tools.tbx\CalculateField" Date="20140723" Time="062542">CalculateField FireRDs Communitie "" VB #</Process><Process ToolSource="c:\program files (x86)\arcgis\desktop10.1\ArcToolbox\Toolboxes\Data Management Tools.tbx\CalculateField" Date="20140723" Time="062551">CalculateField FireRDs Modifier "" VB #</Process><Process ToolSource="c:\program files (x86)\arcgis\desktop10.1\ArcToolbox\Toolboxes\Data Management Tools.tbx\CalculateField" Date="20141110" Time="164907">CalculateField FireRDs Communitie "" VB #</Process><Process ToolSource="c:\program files (x86)\arcgis\desktop10.1\ArcToolbox\Toolboxes\Data Management Tools.tbx\CalculateField" Date="20141110" Time="164913">CalculateField FireRDs Adjacent "" VB #</Process><Process ToolSource="c:\program files (x86)\arcgis\desktop10.1\ArcToolbox\Toolboxes\Data Management Tools.tbx\CalculateField" Date="20141110" Time="164917">CalculateField FireRDs Modifier "" VB #</Process><Process ToolSource="c:\program files (x86)\arcgis\desktop10.1\ArcToolbox\Toolboxes\Data Management Tools.tbx\CalculateField" Date="20141128" Time="091649">CalculateField FireRDs Modifier "" VB #</Process><Process ToolSource="c:\program files (x86)\arcgis\desktop10.1\ArcToolbox\Toolboxes\Data Management Tools.tbx\CalculateField" Date="20141128" Time="091653">CalculateField FireRDs Adjacent "" VB #</Process><Process ToolSource="c:\program files (x86)\arcgis\desktop10.1\ArcToolbox\Toolboxes\Data Management Tools.tbx\CalculateField" Date="20141128" Time="091657">CalculateField FireRDs Communitie "" VB #</Process><Process ToolSource="c:\program files (x86)\arcgis\desktop10.1\ArcToolbox\Toolboxes\Data Management Tools.tbx\CalculateField" Date="20150323" Time="064028">CalculateField FireRDs Modifier "" VB #</Process><Process ToolSource="c:\program files (x86)\arcgis\desktop10.1\ArcToolbox\Toolboxes\Data Management Tools.tbx\CalculateField" Date="20150323" Time="064035">CalculateField FireRDs Adjacent "" VB #</Process><Process ToolSource="c:\program files (x86)\arcgis\desktop10.1\ArcToolbox\Toolboxes\Data Management Tools.tbx\CalculateField" Date="20150323" Time="064041">CalculateField FireRDs Communitie "" VB #</Process><Process ToolSource="c:\program files (x86)\arcgis\desktop10.1\ArcToolbox\Toolboxes\Data Management Tools.tbx\CalculateField" Date="20150909" Time="074544">CalculateField FireRDs Modifier "" VB #</Process><Process ToolSource="c:\program files (x86)\arcgis\desktop10.1\ArcToolbox\Toolboxes\Data Management Tools.tbx\CalculateField" Date="20150909" Time="074547">CalculateField FireRDs Adjacent "" VB #</Process><Process ToolSource="c:\program files (x86)\arcgis\desktop10.1\ArcToolbox\Toolboxes\Data Management Tools.tbx\CalculateField" Date="20150909" Time="074551">CalculateField FireRDs Communitie "" VB #</Process><Process ToolSource="c:\program files (x86)\arcgis\desktop10.1\ArcToolbox\Toolboxes\Data Management Tools.tbx\CalculateField" Date="20160121" Time="145432">CalculateField FireRDs Modifier "" VB #</Process><Process ToolSource="c:\program files (x86)\arcgis\desktop10.1\ArcToolbox\Toolboxes\Data Management Tools.tbx\CalculateField" Date="20160121" Time="145437">CalculateField FireRDs Adjacent "" VB #</Process><Process ToolSource="c:\program files (x86)\arcgis\desktop10.1\ArcToolbox\Toolboxes\Data Management Tools.tbx\CalculateField" Date="20160121" Time="145441">CalculateField FireRDs Communitie "" VB #</Process></lineage><itemProps><itemLocation><linkage Sync="TRUE">file://\\172.24.0.3\gisdata\CADGISData\CADGISData.gdb</linkage><protocol Sync="TRUE">Local Area Network</protocol></itemLocation></itemProps></DataProperties><ArcGISFormat>1.0</ArcGISFormat></Esri><idinfo><native Sync="TRUE">Microsoft Windows XP Version 5.1 (Build 2600) Service Pack 3; ESRI ArcCatalog 9.3.0.1770</native><descript><langdata Sync="TRUE">en</langdata><abstract>REQUIRED: A brief narrative summary of the data set.</abstract><purpose>REQUIRED: A summary of the intentions with which the data set was developed.</purpose></descript><citation><citeinfo><origin>REQUIRED: The name of an organization or individual that developed the data set.</origin><pubdate>REQUIRED: The date when the data set is published or otherwise made available for release.</pubdate><title Sync="TRUE">FireRDs</title><ftname Sync="TRUE">FireRDs</ftname><geoform Sync="TRUE">vector digital data</geoform><onlink Sync="TRUE">\\172.24.0.3\gisdata\CADGISData\CADGISData.gdb</onlink></citeinfo></citation><timeperd><current>REQUIRED: The basis on which the time period of content information is determined.</current><timeinfo><sngdate><caldate>REQUIRED: The year (and optionally month, or month and day) for which the data set corresponds to the ground.</caldate></sngdate></timeinfo></timeperd><status><progress>REQUIRED: The state of the data set.</progress><update>REQUIRED: The frequency with which changes and additions are made to the data set after the initial data set is completed.</update></status><spdom><bounding><westbc Sync="TRUE">-80.378129</westbc><eastbc Sync="TRUE">-79.665986</eastbc><northbc Sync="TRUE">40.689746</northbc><southbc Sync="TRUE">40.158875</southbc></bounding><lboundng><leftbc Sync="TRUE">1239639.497023</leftbc><rightbc Sync="TRUE">1433122.013272</rightbc><bottombc Sync="TRUE">311496.441563</bottombc><topbc Sync="TRUE">499981.816232</topbc></lboundng></spdom><keywords><theme><themekt>REQUIRED: Reference to a formally registered thesaurus or a similar authoritative source of theme keywords.</themekt><themekey>REQUIRED: Common-use word or phrase used to describe the subject of the data set.</themekey></theme></keywords><accconst>REQUIRED: Restrictions and legal prerequisites for accessing the data set.</accconst><useconst>REQUIRED: Restrictions and legal prerequisites for using the data set after access is granted.</useconst><natvform Sync="TRUE">File Geodatabase Feature Class</natvform></idinfo><dataIdInfo><envirDesc Sync="TRUE">Microsoft Windows XP Version 5.1 (Build 2600) Service Pack 3; ESRI ArcCatalog 9.3.0.1770</envirDesc><dataLang><languageCode Sync="TRUE" value="en"></languageCode></dataLang><idCitation><resTitle Sync="TRUE">FireRDs</resTitle><presForm><PresFormCd Sync="TRUE" value="005"></PresFormCd></presForm></idCitation><spatRpType><SpatRepTypCd Sync="TRUE" value="001"></SpatRepTypCd></spatRpType><dataExt><geoEle><GeoBndBox esriExtentType="native"><westBL Sync="TRUE">1239639.497023</westBL><eastBL Sync="TRUE">1433122.013272</eastBL><northBL Sync="TRUE">499981.816232</northBL><southBL Sync="TRUE">311496.441563</southBL><exTypeCode Sync="TRUE">1</exTypeCode></GeoBndBox></geoEle></dataExt><geoBox esriExtentType="decdegrees"><westBL Sync="TRUE">-80.378129</westBL><eastBL Sync="TRUE">-79.665986</eastBL><northBL Sync="TRUE">40.689746</northBL><southBL Sync="TRUE">40.158875</southBL><exTypeCode Sync="TRUE">1</exTypeCode></geoBox></dataIdInfo><metainfo><langmeta Sync="TRUE">en</langmeta><metstdn Sync="TRUE">FGDC Content Standards for Digital Geospatial Metadata</metstdn><metstdv Sync="TRUE">FGDC-STD-001-1998</metstdv><mettc Sync="TRUE">local time</mettc><metc><cntinfo><cntorgp><cntper>REQUIRED: The person responsible for the metadata information.</cntper><cntorg>REQUIRED: The organization responsible for the metadata information.</cntorg></cntorgp><cntaddr><addrtype>REQUIRED: The mailing and/or physical address for the organization or individual.</addrtype><city>REQUIRED: The city of the address.</city><state>REQUIRED: The state or province of the address.</state><postal>REQUIRED: The ZIP or other postal code of the address.</postal></cntaddr><cntvoice>REQUIRED: The telephone number by which individuals can speak to the organization or individual.</cntvoice></cntinfo></metc><metd Sync="TRUE">20100820</metd><metextns><onlink Sync="TRUE">http://www.esri.com/metadata/esriprof80.html</onlink><metprof Sync="TRUE">ESRI Metadata Profile</metprof></metextns></metainfo><mdLang><languageCode Sync="TRUE" value="en"></languageCode></mdLang><mdStanName Sync="TRUE">ISO 19115 Geographic Information - Metadata</mdStanName><mdStanVer Sync="TRUE">DIS_ESRI1.0</mdStanVer><mdChar><CharSetCd Sync="TRUE" value="004"></CharSetCd></mdChar><mdHrLv><ScopeCd Sync="TRUE" value="005"></ScopeCd></mdHrLv><mdHrLvName Sync="TRUE">dataset</mdHrLvName><distinfo><resdesc Sync="TRUE">Downloadable Data</resdesc><stdorder><digform><digtinfo><transize Sync="TRUE">0.000</transize><dssize Sync="TRUE">0.000</dssize></digtinfo></digform></stdorder></distinfo><distInfo><distributor><distorTran><onLineSrc><orDesc Sync="TRUE">002</orDesc><linkage Sync="TRUE">file://\\172.24.0.3\gisdata\CADGISData\CADGISData.gdb</linkage><protocol Sync="TRUE">Local Area Network</protocol></onLineSrc><transSize Sync="TRUE">0.000</transSize></distorTran><distorFormat><formatName Sync="TRUE">File Geodatabase Feature Class</formatName></distorFormat></distributor></distInfo><spdoinfo><direct Sync="TRUE">Vector</direct><ptvctinf><esriterm Name="FireRDs"><efeatyp Sync="TRUE">Simple</efeatyp><efeageom Sync="TRUE">Polygon</efeageom><esritopo Sync="TRUE">FALSE</esritopo><efeacnt Sync="TRUE">809</efeacnt><spindex Sync="TRUE">TRUE</spindex><linrefer Sync="TRUE">FALSE</linrefer></esriterm><sdtsterm Name="FireRDs"><sdtstype Sync="TRUE">G-polygon</sdtstype><ptvctcnt Sync="TRUE">809</ptvctcnt></sdtsterm></ptvctinf></spdoinfo><spref><horizsys><cordsysn><geogcsn Sync="TRUE">GCS_North_American_1983</geogcsn><projcsn Sync="TRUE">NAD_1983_StatePlane_Pennsylvania_South_FIPS_3702_Feet</projcsn></cordsysn><planar><planci><plance Sync="TRUE">coordinate pair</plance><plandu Sync="TRUE">survey feet</plandu><coordrep><absres Sync="TRUE">0.000328</absres><ordres Sync="TRUE">0.000328</ordres></coordrep></planci><mapproj><mapprojn Sync="TRUE">Lambert Conformal Conic</mapprojn><lambertc><stdparll Sync="TRUE">39.933333</stdparll><stdparll Sync="TRUE">40.966667</stdparll><longcm Sync="TRUE">-77.750000</longcm><latprjo Sync="TRUE">39.333333</latprjo><feast Sync="TRUE">1968500.000000</feast><fnorth Sync="TRUE">0.000000</fnorth></lambertc></mapproj></planar><geodetic><horizdn Sync="TRUE">North American Datum of 1983</horizdn><ellips Sync="TRUE">Geodetic Reference System 80</ellips><semiaxis Sync="TRUE">6378137.000000</semiaxis><denflat Sync="TRUE">298.257222</denflat></geodetic></horizsys></spref><refSysInfo><RefSystem><refSysID><identCode Sync="TRUE">NAD_1983_StatePlane_Pennsylvania_South_FIPS_3702_Feet</identCode></refSysID></RefSystem></refSysInfo><spatRepInfo><VectSpatRep><topLvl><TopoLevCd Sync="TRUE" value="001"></TopoLevCd></topLvl><geometObjs Name="FireRDs"><geoObjTyp><GeoObjTypCd Sync="TRUE" value="001"></GeoObjTypCd></geoObjTyp><geoObjCnt Sync="TRUE">809</geoObjCnt></geometObjs></VectSpatRep></spatRepInfo><eainfo><detailed Name="FireRDs"><enttyp><enttypl Sync="TRUE">FireRDs</enttypl><enttypt Sync="TRUE">Feature Class</enttypt><enttypc Sync="TRUE">809</enttypc></enttyp><attr><attrlabl Sync="TRUE">OBJECTID_12</attrlabl><attalias Sync="TRUE">OBJECTID_12</attalias><attrtype Sync="TRUE">OID</attrtype><attwidth Sync="TRUE">4</attwidth><atprecis Sync="TRUE">0</atprecis><attscale Sync="TRUE">0</attscale><attrdef Sync="TRUE">Internal feature number.</attrdef><attrdefs Sync="TRUE">ESRI</attrdefs><attrdomv><udom Sync="TRUE">Sequential unique whole numbers that are automatically generated.</udom></attrdomv></attr><attr><attrlabl Sync="TRUE">OBJECTID_1</attrlabl><attalias Sync="TRUE">OBJECTID_1</attalias><attrtype Sync="TRUE">Integer</attrtype><attwidth Sync="TRUE">4</attwidth><atprecis Sync="TRUE">0</atprecis><attscale Sync="TRUE">0</attscale><attrdef Sync="TRUE">Internal feature number.</attrdef><attrdefs Sync="TRUE">ESRI</attrdefs><attrdomv><udom Sync="TRUE">Sequential unique whole numbers that are automatically generated.</udom></attrdomv></attr><attr><attrlabl Sync="TRUE">OBJECTID</attrlabl><attalias Sync="TRUE">OBJECTID</attalias><attrtype Sync="TRUE">Integer</attrtype><attwidth Sync="TRUE">4</attwidth><atprecis Sync="TRUE">0</atprecis><attscale Sync="TRUE">0</attscale><attrdef Sync="TRUE">Internal feature number.</attrdef><attrdefs Sync="TRUE">ESRI</attrdefs><attrdomv><udom Sync="TRUE">Sequential unique whole numbers that are automatically generated.</udom></attrdomv></attr><attr><attrlabl Sync="TRUE">Shape</attrlabl><attalias Sync="TRUE">Shape</attalias><attrtype Sync="TRUE">Geometry</attrtype><attwidth Sync="TRUE">0</attwidth><atprecis Sync="TRUE">0</atprecis><attscale Sync="TRUE">0</attscale><attrdef Sync="TRUE">Feature geometry.</attrdef><attrdefs Sync="TRUE">ESRI</attrdefs><attrdomv><udom Sync="TRUE">Coordinates defining the features.</udom></attrdomv></attr><attr><attrlabl Sync="TRUE">RD</attrlabl><attalias Sync="TRUE">RD</attalias><attrtype Sync="TRUE">String</attrtype><attwidth Sync="TRUE">10</attwidth><atprecis Sync="TRUE">0</atprecis><attscale Sync="TRUE">0</attscale></attr><attr><attrlabl Sync="TRUE">Agency</attrlabl><attalias Sync="TRUE">Agency</attalias><attrtype Sync="TRUE">String</attrtype><attwidth Sync="TRUE">10</attwidth><atprecis Sync="TRUE">0</atprecis><attscale Sync="TRUE">0</attscale></attr><attr><attrlabl Sync="TRUE">Group</attrlabl><attalias Sync="TRUE">Group</attalias><attrtype Sync="TRUE">String</attrtype><attwidth Sync="TRUE">10</attwidth><atprecis Sync="TRUE">0</atprecis><attscale Sync="TRUE">0</attscale></attr><attr><attrlabl Sync="TRUE">Service</attrlabl><attalias Sync="TRUE">Service</attalias><attrtype Sync="TRUE">String</attrtype><attwidth Sync="TRUE">1</attwidth><atprecis Sync="TRUE">0</atprecis><attscale Sync="TRUE">0</attscale></attr><attr><attrlabl Sync="TRUE">Modifier</attrlabl><attalias Sync="TRUE">Modifier</attalias><attrtype Sync="TRUE">String</attrtype><attwidth Sync="TRUE">10</attwidth><atprecis Sync="TRUE">0</atprecis><attscale Sync="TRUE">0</attscale></attr><attr><attrlabl Sync="TRUE">Adjacent</attrlabl><attalias Sync="TRUE">Adjacent</attalias><attrtype Sync="TRUE">String</attrtype><attwidth Sync="TRUE">100</attwidth><atprecis Sync="TRUE">0</atprecis><attscale Sync="TRUE">0</attscale></attr><attr><attrlabl Sync="TRUE">Communitie</attrlabl><attalias Sync="TRUE">Communitie</attalias><attrtype Sync="TRUE">String</attrtype><attwidth Sync="TRUE">50</attwidth><atprecis Sync="TRUE">0</atprecis><attscale Sync="TRUE">0</attscale></attr><attr><attrlabl Sync="TRUE">SHAPE_Leng</attrlabl><attalias Sync="TRUE">Shape_Leng</attalias><attrtype Sync="TRUE">Double</attrtype><attwidth Sync="TRUE">8</attwidth><atprecis Sync="TRUE">0</atprecis><attscale Sync="TRUE">0</attscale></attr><attr><attrlabl Sync="TRUE">Shape_Le_1</attrlabl><attalias Sync="TRUE">Shape_Le_1</attalias><attrtype Sync="TRUE">Double</attrtype><attwidth Sync="TRUE">8</attwidth><atprecis Sync="TRUE">0</atprecis><attscale Sync="TRUE">0</attscale></attr><attr><attrlabl Sync="TRUE">Shape_Le_2</attrlabl><attalias Sync="TRUE">Shape_Le_2</attalias><attrtype Sync="TRUE">Double</attrtype><attwidth Sync="TRUE">8</attwidth><atprecis Sync="TRUE">0</atprecis><attscale Sync="TRUE">0</attscale></attr><attr><attrlabl Sync="TRUE">Shape_Length</attrlabl><attalias Sync="TRUE">Shape_Length</attalias><attrtype Sync="TRUE">Double</attrtype><attwidth Sync="TRUE">8</attwidth><atprecis Sync="TRUE">0</atprecis><attscale Sync="TRUE">0</attscale><attrdef Sync="TRUE">Length of feature in internal units.</attrdef><attrdefs Sync="TRUE">ESRI</attrdefs><attrdomv><udom Sync="TRUE">Positive real numbers that are automatically generated.</udom></attrdomv></attr><attr><attrlabl Sync="TRUE">Shape_Area</attrlabl><attalias Sync="TRUE">Shape_Area</attalias><attrtype Sync="TRUE">Double</attrtype><attwidth Sync="TRUE">8</attwidth><attrdef Sync="TRUE">Area of feature in internal units squared.</attrdef><attrdefs Sync="TRUE">ESRI</attrdefs><attrdomv><udom Sync="TRUE">Positive real numbers that are automatically generated.</udom></attrdomv><atprecis Sync="TRUE">0</atprecis><attscale Sync="TRUE">0</attscale></attr></detailed></eainfo><mdDateSt Sync="TRUE">20100820</mdDateSt><dataqual><lineage><procstep><procdesc Sync="TRUE">Dataset copied.</procdesc><srcused Sync="TRUE"></srcused><date Sync="TRUE">20100217</date><time Sync="TRUE">11575200</time></procstep><procstep><procdesc Sync="TRUE">Dataset copied.</procdesc><srcused Sync="TRUE"></srcused><procdate Sync="TRUE">20100217</procdate><proctime Sync="TRUE">12100800</proctime></procstep><procstep><procdesc Sync="TRUE">Dataset copied.</procdesc><srcused Sync="TRUE">\\Entfsh01\fsh01_gis$\gisdata\Projects\CountyDepts\ACES\ESZ\ESZ.gdb</srcused><procdate Sync="TRUE">20100729</procdate><proctime Sync="TRUE">08440300</proctime></procstep><procstep><procdesc Sync="TRUE">Dataset copied.</procdesc><srcused Sync="TRUE">\\Entfsh01\fsh01_gis$\gisdata\Projects\CountyDepts\ACES\ESZ\ARCHIVE.gdb</srcused><procdate Sync="TRUE">20100729</procdate><proctime Sync="TRUE">09540500</proctime></procstep><procstep><procdesc Sync="TRUE">Dataset copied.</procdesc><srcused Sync="TRUE">\\entfsh01\fsh01_gis$\gisdata\Projects\CountyDepts\ACES\ESZ\ESZ.gdb</srcused><procdate Sync="TRUE">20100804</procdate><proctime Sync="TRUE">14480100</proctime></procstep><procstep><procdesc Sync="TRUE">Dataset copied.</procdesc><srcused Sync="TRUE"></srcused><procdate Sync="TRUE">20100806</procdate><proctime Sync="TRUE">09092700</proctime></procstep><procstep><procdesc Sync="TRUE">Dataset copied.</procdesc><srcused Sync="TRUE">\\entfsh01\fsh01_gis$\gisdata\Projects\CountyDepts\ACES\ESZ\ESZ.gdb</srcused><procdate Sync="TRUE">20100806</procdate><proctime Sync="TRUE">12055400</proctime></procstep><procstep><procdesc Sync="TRUE">Dataset copied.</procdesc><srcused Sync="TRUE"></srcused><procdate Sync="TRUE">20100806</procdate><proctime Sync="TRUE">13362900</proctime></procstep><procstep><procdesc Sync="TRUE">Dataset copied.</procdesc><srcused Sync="TRUE">\\emsfps01\cad\GIS\ESZ.gdb</srcused><procdate Sync="TRUE">20120618</procdate><proctime Sync="TRUE">05220500</proctime></procstep></lineage></dataqual></metadata>
